origin_crs,dest_crs,single_fare_gbp,ticket_code
BSC,LON,92.8,SDS
AST,LON,92.8,SDS
TAB,LON,92.8,SDS
WTT,LON,92.8,SDS
CAO,LON,95.9,SDS
LAW,LON,95.9,SDS
BWN,LON,95.9,SDS
HGG,LON,4.5,SDS
HGG,SRA,7.0,SDS
HOX,LON,4.5,SDS
HOX,SRA,7.0,SDS
SDC,LON,4.5,SDS
SDC,SRA,7.0,SDS
COV,LON,89.0,SOS
HIA,LON,92.8,SDS
MGN,LON,92.8,SDS
THL,LON,92.8,SDS
ADD,LON,92.8,SDS
ROE,LON,4.5,SDS
ROE,SRA,7.0,SDS
DUD,LON,92.8,SDS
ERD,LON,92.8,SDS
FOK,LON,95.9,SDS
SCF,LON,92.8,SDS
SUT,LON,92.8,SDS
BKW,LON,92.8,SDS
WNE,LON,95.9,SDS
LBK,LON,45.7,SDS
NMP,LON,45.7,SDS
NMP,VIC,47.3,SDS
NMP,WAT,47.3,SDS
NUN,EUS,60.0,SDS
NUN,LON,89.0,SOS
SDE,LON,4.5,SDS
SDE,SRA,7.0,SDS
SQE,LON,4.5,SDS
SQE,SRA,7.0,SDS
WPE,LON,4.5,SDS
WPE,SRA,7.0,SDS
RUG,LON,78.5,SOS
RUG,VIC,72.9,SOS
RUG,WAT,72.9,SOS
AVP,LON,23.4,SDS
BTG,LON,95.9,SDS
JEQ,LON,92.8,SDS
SLY,LON,92.8,SDS
KNN,LON,92.8,SDS
LOB,LON,92.8,SDS
NFD,LON,92.8,SDS
BRV,LON,92.8,SDS
SGB,LON,92.8,SDS
WTO,LON,95.9,SDS
PRI,LON,138.7,SDS
PRY,LON,92.8,SDS
CNL,LON,92.8,SDS
CRD,LON,92.8,SDS
GVH,LON,92.8,SDS
LEH,LON,92.8,SDS
RGT,LON,95.9,SDS
WYL,LON,92.8,SDS
BLX,LON,95.9,SDS
CSY,LON,95.9,SDS
HSD,LON,92.8,SDS
HNF,LON,95.9,SDS
SAD,LON,92.8,SDS
SMR,LON,92.8,SDS
TIP,LON,95.9,SDS
BEH,LON,89.5,SOS
BKT,LON,95.9,SDS
LIC,LON,95.9,SDS
SEN,LON,95.9,SDS
BUL,LON,95.9,SDS
ALV,LON,95.9,SDS
RDC,LON,95.9,SDS
DDP,LON,92.8,SDS
BHI,LON,92.8,SDS
WSL,LON,92.8,SDS
WVH,LON,95.9,SDS
CNG,LON,182.5,SOS
CRE,EUS,69.0,SDS
CRE,LON,148.5,SOS
STA,LON,123.0,SOS
LTV,LON,95.9,SDS
SOT,LON,160.0,SOS
TAM,LON,101.0,SOS
BGV,LON,7.0,SDS
BGV,SRA,7.0,SDS
UTT,LON,135.5,SOS
BLY,LON,25.5,SDS
WOL,LON,33.5,SDS
CED,LON,16.6,SDS
LBZ,LON,20.9,SDS
FEN,LON,28.5,SDS
MKC,EUS,25.3,SDS
MKC,LON,25.9,SDS
MKC,VIC,33.9,SDS
MKC,WAT,33.9,SDS
APG,LON,30.6,SDS
BWB,LON,30.6,SDS
KMH,LON,30.6,SDS
SWR,LON,30.6,SDS
BKM,LON,14.9,SDS
HML,LON,14.0,SDS
KGL,LON,12.3,SDS
KGL,SRA,14.8,SDS
TRI,LON,16.1,SDS
BSH,EUS,9.9,SDS
BSH,SRA,9.9,SDS
HRW,EUS,7.0,SDS
HRW,SRA,7.0,SDS
HRW,VIC,8.5,SDS
HRW,WAT,8.5,SDS
HTE,EUS,7.0,SDS
HTE,SRA,7.0,SDS
HTE,VIC,9.4,SDS
HTE,WAT,9.4,SDS
KNT,EUS,7.0,SDS
KNT,SRA,7.0,SDS
KNT,VIC,7.0,SDS
KNT,WAT,7.0,SDS
WFJ,LON,13.4,SDS
WFJ,SRA,16.6,SDS
WFJ,VIC,13.2,SDS
WFJ,WAT,13.2,SDS
WFN,LON,11.6,SDS
WFN,SRA,14.8,SDS
ACC,EUS,7.0,SDS
ACC,SRA,7.0,SDS
GPO,LST,7.0,SDS
GPO,SRA,7.0,SDS
HDH,LST,7.0,SDS
HDH,SRA,7.0,SDS
KBN,EUS,7.0,SDS
KBN,SRA,7.0,SDS
QPW,EUS,7.0,SDS
QPW,SRA,7.0,SDS
WHD,SRA,7.0,SDS
NWB,EUS,7.0,SDS
NWB,SRA,7.0,SDS
NWB,VIC,7.0,SDS
NWB,WAT,7.0,SDS
WMB,EUS,7.0,SDS
WMB,SRA,7.0,SDS
WMB,VIC,7.0,SDS
WMB,WAT,7.0,SDS
DLK,SRA,7.0,SDS
APS,LON,13.3,SDS
HDL,EUS,7.0,SDS
HDL,SRA,7.0,SDS
HDL,VIC,8.5,SDS
HDL,WAT,8.5,SDS
BSY,EUS,7.0,SDS
BSY,LST,7.0,SDS
BSY,SRA,7.0,SDS
BSP,EUS,7.0,SDS
BSP,LST,7.0,SDS
BSP,SRA,7.0,SDS
CIR,LST,7.0,SDS
CIR,SRA,7.0,SDS
CMD,LST,7.0,SDS
CMD,SRA,7.0,SDS
CNN,SRA,7.0,SDS
CPK,EUS,8.7,SDS
CPK,SRA,8.7,SDS
DLJ,LON,4.5,SDS
DLJ,SRA,7.0,SDS
FNY,LST,7.0,SDS
FNY,SRA,7.0,SDS
KNL,EUS,7.0,SDS
KNL,SRA,7.0,SDS
KNR,LST,7.0,SDS
KNR,SRA,7.0,SDS
KTW,LST,7.0,SDS
KTW,SRA,7.0,SDS
SOH,EUS,7.0,SDS
SOH,SRA,7.0,SDS
SAT,EUS,7.0,SDS
SAT,SRA,7.0,SDS
SOK,EUS,7.0,SDS
SOK,SRA,7.0,SDS
SOK,VIC,7.0,SDS
SOK,WAT,7.0,SDS
SBP,EUS,7.0,SDS
SBP,SRA,7.0,SDS
SBP,VIC,5.9,SDS
SBP,WAT,5.9,SDS
WFH,EUS,9.9,SDS
WFH,SRA,9.9,SDS
WIJ,EUS,7.0,SDS
WIJ,LST,7.0,SDS
WIJ,SRA,7.0,SDS
WIJ,VIC,5.9,SDS
WIJ,WAT,5.9,SDS
GMN,LON,12.7,SDS
WND,LON,15.0,SDS
SKM,LON,17.7,SDS
AYS,LON,21.7,SDS
BDM,BFR,4.0,TKR
BDM,LBG,4.0,TKR
BDM,STP,4.0,TKR
HDN,EUS,7.0,SDS
HDN,SRA,7.0,SDS
HDN,VIC,5.9,SDS
HDN,WAT,5.9,SDS
UHL,SRA,7.0,SDS
FLT,BFR,4.0,TKR
FLT,LBG,4.0,TKR
FLT,STP,4.0,TKR
HLN,BFR,4.0,TKR
HLN,LBG,4.0,TKR
HLN,STP,4.0,TKR
LEA,BFR,4.0,TKR
LEA,LBG,4.0,TKR
LEA,STP,4.0,TKR
LUT,BFR,4.0,TKR
LUT,LBG,4.0,TKR
LUT,STP,4.0,TKR
MLB,LON,30.6,SDS
RID,LON,30.6,SDS
WOB,LON,30.6,SDS
HPD,BFR,4.0,TKR
HPD,LBG,4.0,TKR
HPD,STP,4.0,TKR
SAC,BFR,4.0,TKR
SAC,LBG,4.0,TKR
SAC,STP,4.0,TKR
KTN,WAT,4.5,SDS
STP,BFR,4.1,SDS
STP,CHX,4.1,SDS
STP,LBG,4.1,SDS
STP,WAE,4.1,SDS
GSN,LON,11.6,SDS
GSN,SRA,14.8,SDS
BWO,LON,11.6,SDS
PKT,LON,11.6,SDS
SAA,LON,11.8,SDS
HWW,LON,11.6,SDS
LID,LON,30.6,SDS
MAT,LON,123.4,SOS
MTB,LON,123.4,SOS
WTS,LON,123.4,SOS
SHB,LON,119.8,SOS
ATB,LON,116.6,SOS
BEE,LON,116.6,SOS
BUT,LON,113.0,SOS
ZCW,LON,4.5,SDS
ZCW,SRA,7.0,SDS
PYE,LON,147.1,SDS
AMB,LON,123.4,SOS
BLP,LON,123.4,SOS
PEA,LON,123.4,SOS
DFI,LON,123.4,SOS
SPO,LON,123.4,SOS
MFT,LON,119.8,SOS
MSW,LON,119.8,SOS
LGM,LON,125.5,SOS
TUT,LON,135.5,SOS
ALF,LON,125.5,SOS
CMF,LON,123.4,SOS
DBY,LON,123.4,SOS
NOT,LON,116.6,SOS
LGE,LON,123.4,SOS
COR,LON,85.2,SOS
MMO,LON,123.4,SOS
KET,LON,81.1,SOS
SPK,LON,119.8,SOS
HKN,LON,116.6,SOS
NSD,LON,116.6,SOS
BLW,LON,116.6,SOS
KKB,LON,119.8,SOS
HNK,LON,89.5,SOS
LAG,LON,119.8,SOS
CWD,LON,119.8,SOS
NBR,LON,113.5,SOS
LBO,LON,114.5,SOS
SYS,LON,113.5,SOS
EMD,LON,116.6,SOS
SIL,LON,113.5,SOS
BWS,LON,113.5,SOS
OKM,LON,123.4,SOS
WIL,LON,123.4,SOS
MHR,LON,90.5,SOS
WEL,LON,74.8,SOS
LEI,LON,113.5,SOS
SWS,LON,113.5,SOS
THP,LON,50.5,SDS
THP,STP,50.6,SDS
BTP,LON,32.8,SDS
BTP,SRA,26.0,SDS
BTP,STP,34.5,SDS
KWK,LON,206.5,SOS
EBA,LON,198.0,SOS
OXN,LON,200.0,SOS
PNR,LON,203.5,SOS
CAR,LON,204.8,SOS
HSW,LON,162.5,SOS
NES,LON,162.5,SOS
UPT,LON,162.5,SOS
HWB,LON,162.5,SOS
MSH,EUS,77.2,SOS
OMS,LON,198.0,SOS
RUN,LON,179.0,SOS
CTR,LON,162.5,SOS
BER,LON,92.2,SDS
HHD,LON,185.5,SOS
,KGX,102.0,SDS
CWB,LON,180.0,SOS
RHL,LON,169.0,SOS
BNG,LON,183.0,SOS
LLJ,LON,180.0,SOS
FLN,LON,162.5,SOS
PRT,LON,169.0,SOS
,LON,39.3,SDS
,SRA,36.1,SDS
,STP,44.6,SDS
DWN,LON,212.5,SOS
,LON,5.9,SDS
,LON,4.0,TKR
,VIC,4.0,TKR
,LON,22.0,OR2
,STP,22.4,OR2
,LST,4.5,SDS
CPY,LON,188.5,SOS
KKM,LON,198.5,SOS
PFY,LON,198.5,SOS
LAN,LON,198.5,SOS
,KGX,111.0,SOS
BPN,LON,198.5,SOS
,LON,239.1,FOR
ENT,LON,212.5,SOS
PRE,EUS,92.0,SDS
PRE,LON,198.0,SOS
SPT,EUS,70.0,SOS
SPT,LON,152.2,SOS
WML,LON,183.0,SOS
CLY,LON,196.0,SOS
EDL,LON,196.0,SOS
MAC,LON,190.0,SOS
,LON,238.3,FOR
MIA,LON,152.2,SOS
MAN,EUS,70.0,SOS
TRA,LON,193.5,SOS
NMC,LON,128.1,SOS
RRB,LON,193.5,SOS
AML,PAD,5.9,SDS
AUW,LON,49.3,SDS
CBY,LON,48.0,SDS
CME,LON,46.7,SDS
HND,LON,46.7,SDS
KGM,LON,52.1,SDS
SIP,LON,49.3,SDS
FIN,LON,48.0,SDS
BNE,PAD,18.3,SDS
COO,PAD,17.2,SDS
MLW,PAD,19.0,SDS
DID,LON,47.2,SDS
CHO,LON,35.2,SDS
GOR,LON,35.2,SDS
PAN,LON,35.2,SDS
BCF,LON,16.0,SDS
GER,LON,12.3,SDS
DNM,LON,10.1,SDS
HDM,LON,27.4,SDS
HWY,LON,18.0,SDS
PRR,LON,20.9,SDS
SDR,LON,19.7,SDS
SRU,LON,8.5,SDS
DGC,LON,10.7,SDS
SRG,LON,13.6,SDS
PEW,LON,76.4,SDS
LTK,LON,21.7,SDS
MRS,LON,21.4,SDS
BDW,LON,49.4,SDS
NRC,LON,41.3,SDS
HGD,LON,47.2,SDS
KIT,LON,44.8,SDS
NBY,LON,44.0,SDS
,PAD,14.7,SDS
,SRA,36.0,SDS
KPA,SRA,7.0,SDS
KPA,VIC,4.5,SDS
KPA,WAT,4.5,SDS
CBP,PAD,7.0,SDS
DRG,PAD,7.0,SDS
BIT,LON,47.2,SDS
CUM,LON,47.2,SDS
APF,LON,47.2,SDS
ISP,LON,41.6,SDS
OXF,LON,47.2,SDS
RAD,LON,47.2,SDS
OXP,LON,41.6,SDS
GFD,PAD,7.0,SDS
SGN,PAD,7.0,SDS
FZP,PAD,16.6,SDS
AMT,LON,36.8,SDS
HOT,LON,34.8,SDS
HOT,PAD,21.5,SDS
MAI,PAD,16.4,SDS
RDG,LON,23.1,OR2
RDG,STP,23.6,OR2
SHI,LON,34.8,SDS
SHI,PAD,20.2,SDS
TAP,PAD,14.1,SDS
THA,LON,38.3,SDS
THE,LON,34.8,SDS
TLH,LON,35.2,SDS
TWY,LON,34.8,SDS
TWY,PAD,19.0,SDS
WGV,LON,31.2,SDS
WGV,PAD,21.7,SDS
MDG,LON,36.8,SDS
RDW,LON,23.1,OR2
RDW,STP,23.5,OR2
IVR,PAD,9.6,SDS
LNY,PAD,10.6,SDS
SLO,PAD,12.6,SDS
WDT,PAD,9.4,SDS
WNC,PAD,13.4,SDS
BNM,PAD,13.4,SDS
CMS,KGX,4.0,TKR
CMS,LON,4.0,TKR
CMS,LST,29.4,SDS
CMS,SRA,29.4,SDS
HAY,PAD,8.5,SDS
STL,PAD,7.0,SDS
WEA,PAD,5.9,SDS
EAL,PAD,5.9,SDS
HAN,PAD,7.0,SDS
HYD,LON,47.2,SDS
TAC,LON,47.2,SDS
AVN,LON,138.7,SDS
CFN,LON,138.7,SDS
MTP,LON,138.7,SDS
SVB,LON,138.7,SDS
SHH,LON,138.7,SDS
PWY,LON,55.2,OR2
PIL,LON,55.2,OR2
OLF,LON,55.2,OR2
LWH,LON,55.2,OR2
BPW,LON,138.7,SDS
BRI,LON,55.2,OR2
FIT,LON,55.2,OR2
KYN,LON,55.2,OR2
CDU,LON,113.4,SDS
BMT,LON,55.2,OR2
PSN,LON,55.2,OR2
RDA,LON,138.7,SDS
SRD,LON,55.2,OR2
SAR,LON,138.7,SDS
SML,LON,138.7,SDS
AVF,LON,55.2,OR2
CPM,LON,113.4,SDS
BTH,LON,55.2,OR2
HIG,LON,149.5,SDS
KEM,LON,97.3,SDS
BBZ,LON,140.2,SDS
SWI,LON,87.9,SDS
BOA,LON,55.2,OR2
FFD,LON,55.2,OR2
MKM,LON,112.5,SDS
TRO,LON,55.2,OR2
YAE,LON,49.3,SDS
WNM,LON,147.1,SDS
NLS,LON,143.2,SDS
WOR,LON,147.1,SDS
WSM,LON,147.1,SDS
YAT,LON,143.2,SDS
DWL,LON,104.8,OR2
DWW,LON,104.8,OR2
EXD,LON,93.5,OR2
SCS,LON,104.8,OR2
EXT,LON,93.5,OR2
POL,LON,149.5,SDS
NTA,LON,120.4,OR2
PGN,LON,120.4,OR2
TGM,LON,104.8,OR2
TRR,LON,120.4,OR2
TQY,LON,120.4,OR2
KIH,LON,92.8,SDS
BWT,LON,149.5,SDS
TAU,LON,149.5,SDS
TVP,LON,149.5,SDS
LTS,LON,159.5,SDS
PNM,LON,159.5,SDS
BOD,LON,149.5,SDS
BGL,LON,159.5,SDS
CBN,LON,159.5,SDS
FAL,LON,159.5,SDS
HYL,LON,159.5,SDS
LOS,LON,149.5,SDS
LUX,LON,159.5,SDS
NQY,LON,159.5,SDS
PAR,LON,159.5,SDS
PYN,LON,159.5,SDS
PNZ,LON,159.5,SDS
PRW,LON,159.5,SDS
RED,LON,159.5,SDS
QUI,LON,159.5,SDS
ROC,LON,159.5,SDS
SAU,LON,159.5,SDS
SCR,LON,159.5,SDS
SER,LON,159.5,SDS
SIV,LON,159.5,SDS
LEL,LON,159.5,SDS
TRU,LON,159.5,SDS
CBB,LON,159.5,SDS
BAS,LON,149.5,SDS
BFE,LON,149.5,SDS
IVY,LON,133.6,OR2
TOT,LON,120.4,OR2
CSK,LON,149.5,SDS
GSL,LON,149.5,SDS
CAU,LON,149.5,SDS
COE,LON,149.5,SDS
KEY,LON,149.5,SDS
SKN,LON,149.5,SDS
LSK,LON,149.5,SDS
LOO,LON,149.5,SDS
MEN,LON,149.5,SDS
DPT,LON,149.5,SDS
PLY,LON,133.6,OR2
SDP,LON,149.5,SDS
SGM,LON,149.5,SDS
STS,LON,149.5,SDS
DOC,LON,149.5,SDS
SBF,LON,149.5,SDS
FMT,LON,159.5,SDS
SBV,LON,149.5,SDS
AGV,LON,147.1,SDS
HFD,LON,68.2,SDS
LEO,LON,147.1,SDS
EBB,LON,147.1,SDS
CRV,LON,147.1,SDS
LUD,LON,147.1,SDS
LTN,BFR,4.0,TKR
LTN,LBG,4.0,TKR
LTN,STP,4.0,TKR
NWP,LON,147.1,SDS
STJ,LON,147.1,SDS
CDT,LON,147.1,SDS
CWM,LON,147.1,SDS
PPL,LON,147.1,SDS
,LON,149.5,SDS
CPW,LON,146.3,SDS
EKB,KGX,95.0,SDS
CIM,LON,149.5,SDS
EBK,LON,149.5,SDS
WNG,LON,149.5,SDS
DCT,LON,149.5,SDS
ACY,LON,149.5,SDS
BRY,LON,149.5,SDS
BYD,LON,149.5,SDS
BYI,LON,149.5,SDS
BGN,LON,149.5,SDS
CAD,LON,149.5,SDS
CPH,LON,149.5,SDS
ABE,LON,149.5,SDS
CDB,LON,149.5,SDS
TGS,LON,149.5,SDS
YNW,LON,149.5,SDS
CYS,LON,149.5,SDS
CGN,LON,149.5,SDS
DNS,LON,149.5,SDS
GTN,LON,149.5,SDS
LLN,LON,149.5,SDS
HHL,LON,149.5,SDS
LLS,LON,149.5,SDS
PYC,LON,149.5,SDS
PCD,LON,149.5,SDS
LLY,LON,149.5,SDS
LVT,LON,149.5,SDS
MER,LON,149.5,SDS
MEV,LON,149.5,SDS
MTA,LON,149.5,SDS
DGL,LON,149.5,SDS
FER,LON,149.5,SDS
PEN,LON,149.5,SDS
POR,LON,149.5,SDS
YSR,LON,149.5,SDS
FRW,LON,149.5,SDS
RDR,LON,149.5,SDS
RIA,LON,149.5,SDS
TAF,LON,149.5,SDS
TNP,LON,149.5,SDS
TRE,LON,149.5,SDS
TRF,LON,149.5,SDS
TRH,LON,149.5,SDS
TRB,LON,149.5,SDS
TRY,LON,149.5,SDS
NNP,LON,149.5,SDS
WHT,LON,149.5,SDS
TPN,LON,149.5,SDS
CDF,LON,149.5,SDS
CDQ,LON,149.5,SDS
DMG,LON,149.5,SDS
PPD,LON,149.5,SDS
COY,LON,149.5,SDS
RHI,LON,149.5,SDS
BCG,LON,149.5,SDS
HLL,LON,149.5,SDS
PTB,LON,149.5,SDS
GMG,LON,149.5,SDS
MEW,LON,149.5,SDS
MST,LON,149.5,SDS
WMI,LON,149.5,SDS
CMH,LON,149.5,SDS
ABA,LON,149.5,SDS
PER,LON,149.5,SDS
QYD,LON,149.5,SDS
BGD,LON,149.5,SDS
BHD,LON,149.5,SDS
LNB,LON,149.5,SDS
PGM,LON,149.5,SDS
GFF,LON,149.5,SDS
PLT,LON,149.5,SDS
TIR,LON,149.5,SDS
YSM,LON,149.5,SDS
RHY,LON,149.5,SDS
HNG,LON,149.5,SDS
,KGX,108.0,SDS
LLV,LON,149.5,SDS
LLG,LON,149.5,SDS
LNR,LON,149.5,SDS
FFA,LON,149.5,SDS
CMN,LON,149.5,SDS
CLR,LON,164.5,SDS
CUW,LON,164.5,SDS
FYS,LON,149.5,SDS
FGH,LON,164.5,SDS
HVF,LON,164.5,SDS
JOH,LON,164.5,SDS
KGT,LON,164.5,SDS
LAM,LON,164.5,SDS
MRB,LON,164.5,SDS
MFH,LON,164.5,SDS
NAR,LON,164.5,SDS
PMB,LON,164.5,SDS
PMD,LON,164.5,SDS
SDF,LON,164.5,SDS
TEN,LON,164.5,SDS
WTL,LON,164.5,SDS
BYE,LON,149.5,SDS
PNA,LON,164.5,SDS
,BFR,16.2,SDS
,LBG,16.2,SDS
,LON,4.0,TKR
GWN,LON,149.5,SDS
KWL,LON,149.5,SDS
LLE,LON,149.5,SDS
LLH,LON,149.5,SDS
PBY,LON,149.5,SDS
CYN,LON,149.5,SDS
GTH,LON,149.5,SDS
,KGX,94.0,SOS
,LON,135.8,SOS
SUG,LON,149.5,SDS
,LON,4.0,TKR
,VIC,4.0,TKR
LLM,LON,149.5,SDS
LNW,LON,149.5,SDS
BME,LON,147.1,SDS
,LON,92.8,SDS
PTA,LON,149.5,SDS
BUK,LON,147.1,SDS
PYL,LON,149.5,SDS
BAJ,LON,149.5,SDS
BNF,LON,149.5,SDS
DOL,LON,149.5,SDS
HPT,LON,147.1,SDS
KNI,LON,147.1,SDS
LGO,LON,149.5,SDS
NTH,LON,149.5,SDS
SKE,LON,149.5,SDS
SWA,LON,149.5,SDS
LAS,LON,149.5,SDS
LLT,LON,149.5,SDS
LLO,LON,149.5,SDS
KNU,LON,147.1,SDS
AMF,LON,149.5,SDS
LLI,LON,149.5,SDS
LLL,LON,149.5,SDS
PTF,LON,149.5,SDS
PTD,LON,149.5,SDS
PNY,LON,149.5,SDS
SRR,LON,149.5,SDS
TDU,LON,149.5,SDS
TRD,LON,149.5,SDS
,LON,42.7,SDS
,STP,42.8,SDS
,LON,82.6,OR2
,KGX,97.0,SDS
BHR,LON,149.5,SDS
,LON,46.2,SDS
,STP,46.3,SDS
,EUS,292.5,FOR
,KGX,103.0,SDS
,LON,205.5,SOS
,LON,179.0,SOS
CTT,LON,147.1,SDS
,LON,27.6,SDS
,STP,27.7,SDS
,LON,152.2,SOS
SHR,LON,98.4,SDS
,LON,4.0,TKR
,STP,50.0,OR2
,LON,116.6,SOS
,KGX,103.0,SDS
WLP,LON,139.0,SOS
CRK,LON,102.1,SDS
,LON,179.0,SOS
GOB,LON,102.1,SDS
,LON,182.0,SOS
,EUS,65.4,SOS
,LON,60.3,SDS
RUA,LON,102.1,SDS
WRX,LON,102.1,SDS
,VIC,4.0,TKR
BAN,LON,52.7,SDS
FWY,LON,92.8,SDS
UNI,LON,92.8,SDS
KGS,LON,52.7,SDS
BBS,LON,92.8,SDS
TYS,LON,92.8,SDS
DZY,LON,92.8,SDS
EWD,LON,92.8,SDS
HLG,LON,92.8,SDS
THW,LON,92.8,SDS
HNL,LON,92.8,SDS
DDG,LON,91.5,SDS
SRL,LON,92.8,SDS
SOL,LON,92.2,SDS
WMR,LON,92.2,SDS
ACG,LON,92.8,SDS
SMA,LON,92.8,SDS
WYT,LON,92.8,SDS
OLT,LON,92.8,SDS
SRI,LON,92.8,SDS
WDE,LON,92.8,SDS
YRD,LON,92.8,SDS
TLK,LON,92.8,SDS
WTE,LON,92.8,SDS
,LON,94.4,SDS
WWW,LON,92.8,SDS
SAV,LON,92.8,SDS
WMC,LON,92.8,SDS
BKD,LON,95.9,SDS
HAG,LON,95.9,SDS
HBY,LON,113.4,SDS
KID,LON,95.9,SDS
CLV,LON,92.2,SDS
HTN,LON,91.0,SDS
LPW,LON,91.5,SDS
LMS,LON,90.3,SDS
WRW,LON,91.0,SDS
ROW,LON,92.8,SDS
LGG,LON,92.8,SDS
COS,LON,95.9,SDS
CRA,LON,92.8,SDS
LYE,LON,92.8,SDS
OHL,LON,92.8,SDS
SBT,LON,95.9,SDS
SBJ,LON,95.9,SDS
WLN,LON,95.9,SDS
TFC,LON,95.9,SDS
ASC,LON,113.4,SDS
BMV,EUS,65.4,SOS
BMV,LON,113.4,SDS
CNM,LON,113.4,SDS
EVE,LON,57.8,SDS
GCR,LON,113.4,SDS
SHU,LON,105.0,SDS
STD,LON,105.0,SDS
LED,LON,63.9,SDS
SIA,LST,20.1,SDS
SIA,SRA,16.6,SDS
SIA,STP,26.9,SDS
HYB,LON,56.9,SDS
MIM,LON,53.6,SDS
LYD,LON,113.4,SDS
CWL,LON,63.9,SDS
DTW,EUS,65.4,SOS
DTW,LON,113.4,SDS
MVL,LON,63.2,SDS
PSH,LON,58.5,SDS
GMV,LON,63.2,SDS
ZLW,LON,4.5,SDS
ZLW,SRA,7.0,SDS
APD,LON,4.0,TKR
APD,STP,43.4,SDS
AFK,LON,4.0,TKR
AFK,STP,41.0,SDS
BSR,LON,50.5,SDS
BSR,STP,50.6,SDS
CRT,LON,42.3,SDS
CRT,STP,42.4,SDS
CIL,LON,41.9,SDS
CIL,STP,42.0,SDS
DEA,LON,50.5,SDS
DEA,STP,50.6,SDS
MAR,LON,48.8,SDS
MAR,STP,48.9,SDS
MSR,LON,50.5,SDS
MSR,STP,50.6,SDS
ORE,LON,4.0,TKR
ORE,STP,45.6,SDS
RAM,LON,50.5,SDS
RAM,STP,50.6,SDS
RYE,LON,4.0,TKR
RYE,STP,45.6,SDS
SDG,LON,44.7,SDS
SDG,STP,44.8,SDS
SDW,LON,50.5,SDS
SDW,STP,50.6,SDS
TOK,LON,4.0,TKR
TOK,STP,45.6,SDS
STU,LON,42.7,SDS
STU,STP,42.8,SDS
WHA,LON,44.7,SDS
WHA,STP,44.8,SDS
WYE,LON,41.2,SDS
WYE,STP,41.3,SDS
DVP,LON,50.5,SDS
DVP,STP,50.6,SDS
DMP,LON,50.5,SDS
DMP,STP,50.6,SDS
DLH,LON,4.0,TKR
DLH,STP,45.6,SDS
HMT,LON,4.0,TKR
HMT,STP,41.7,SDS
KSN,LON,50.5,SDS
KSN,STP,50.6,SDS
MTM,LON,50.5,SDS
MTM,STP,50.6,SDS
WAM,LON,50.5,SDS
WAM,STP,50.6,SDS
WSE,LON,4.0,TKR
WSE,STP,45.6,SDS
BKJ,LON,7.0,SDS
CLK,LON,7.0,SDS
ELE,LON,7.0,SDS
HYS,LON,8.5,SDS
LEW,LON,4.5,SDS
LSY,LON,7.0,SDS
WWI,LON,8.5,SDS
NBC,LON,7.0,SDS
SAJ,LON,4.5,SDS
BGM,LON,5.9,SDS
BMS,LON,8.5,SDS
EYN,LON,11.9,SDS
EYN,STP,11.9,SDS
HNH,LON,4.5,SDS
NHD,LON,4.5,SDS
OTF,LON,15.3,SDS
OTF,STP,15.3,SDS
PNE,LON,7.0,SDS
SMY,LON,9.4,SDS
SEH,LON,14.5,SDS
SEH,STP,14.5,SDS
SAY,LON,9.6,SDS
SAY,STP,9.6,SDS
BEC,LON,7.0,SDS
CFT,LON,5.9,SDS
KMS,LON,19.9,SDS
KMS,STP,20.0,SDS
KTH,LON,7.0,SDS
BRX,LON,4.5,SDS
LGJ,BFR,4.5,SDS
LGJ,LON,4.5,SDS
RVB,LON,7.0,SDS
SRT,LON,7.0,SDS
SYH,LON,5.9,SDS
WDU,LON,5.9,SDS
BNH,LON,9.4,SDS
BBL,LON,15.3,SDS
BBL,STP,15.3,SDS
BSD,LON,30.6,SDS
BSD,STP,30.7,SDS
BVD,LON,8.5,SDS
BXY,LON,9.4,SDS
CHG,LON,35.6,SDS
CHG,STP,35.7,SDS
CLD,LON,9.4,SDS
CRY,LON,9.4,SDS
DFD,BFR,4.0,TKR
DFD,LBG,4.0,TKR
DFD,LON,9.6,SDS
DFD,STP,4.0,TKR
DNG,LON,14.8,SDS
DNG,STP,14.8,SDS
ERH,LON,9.4,SDS
FNR,LON,13.5,SDS
FNR,STP,13.6,SDS
KDB,LON,5.9,SDS
KCK,LON,9.4,SDS
LEE,LON,5.9,SDS
LEN,LON,35.0,SDS
LEN,STP,35.1,SDS
BFR,CHX,4.1,SDS
BFR,LBG,4.1,SDS
BFR,WAE,4.1,SDS
LGF,LON,15.5,SDS
LGF,STP,15.6,SDS
MEP,LON,16.9,SDS
MEP,STP,17.0,SDS
NEH,LON,7.0,SDS
NFL,BFR,4.0,TKR
NFL,LBG,4.0,TKR
NFL,LON,15.4,SDS
NFL,STP,4.0,TKR
CTK,CHX,4.1,SDS
CTK,LBG,4.1,SDS
CTK,WAE,4.1,SDS
ORP,LON,9.4,SDS
PET,LON,8.5,SDS
SEV,LON,15.3,SDS
SEV,STP,15.3,SDS
SOR,LON,18.3,SDS
SOR,STP,18.4,SDS
WLI,LON,7.0,SDS
WMA,LON,24.1,SDS
WMA,STP,24.2,SDS
BRG,LON,20.8,SDS
BRG,STP,20.9,SDS
ABW,LON,7.0,SDS
AYP,LON,8.5,SDS
BMG,LON,25.3,SDS
BMG,STP,25.4,SDS
EML,LON,24.3,SDS
EML,STP,24.4,SDS
ESD,LON,7.0,SDS
FCN,LON,7.0,SDS
GNH,BFR,4.0,TKR
GNH,LBG,4.0,TKR
GNH,LON,13.0,SDS
GNH,STP,4.0,TKR
HRM,LON,34.8,SDS
HRM,STP,34.9,SDS
HBN,LON,31.3,SDS
HBN,STP,31.4,SDS
CST,CHX,4.1,SDS
CST,LBG,4.1,SDS
CST,WAE,4.1,SDS
CHX,LBG,4.1,SDS
CHX,WAE,4.1,SDS
CTN,LON,5.9,SDS
DEP,LON,4.5,SDS
GNW,LON,4.5,SDS
LBG,VIC,4.5,SDS
LBG,WAE,4.1,SDS
NWX,LON,4.5,SDS
NWX,SRA,7.0,SDS
WWA,SRA,7.0,SDS
WWD,LON,5.9,SDS
SGR,LON,9.4,SDS
SUP,LON,7.0,SDS
SWM,BFR,4.0,TKR
SWM,LBG,4.0,TKR
SWM,LON,14.0,SDS
SWM,STP,4.0,TKR
ADM,LON,44.1,SDS
ADM,STP,44.2,SDS
AYL,LON,28.5,SDS
AYL,STP,28.6,SDS
BCH,LON,48.4,SDS
BCH,STP,48.5,SDS
FAV,LON,34.5,SDS
FAV,STP,34.6,SDS
GLM,BFR,4.0,TKR
GLM,LBG,4.0,TKR
GLM,LON,24.4,SDS
GLM,STP,4.0,TKR
GRV,BFR,4.0,TKR
GRV,LBG,4.0,TKR
GRV,LON,16.4,SDS
GRV,STP,4.0,TKR
HAI,LON,23.2,SDS
HAI,STP,24.3,SDS
HNB,LON,40.2,SDS
HNB,STP,40.3,SDS
NGT,LON,27.3,SDS
NGT,STP,27.4,SDS
QBR,LON,30.8,SDS
QBR,STP,30.9,SDS
RAI,BFR,4.0,TKR
RAI,LBG,4.0,TKR
RAI,LON,25.1,SDS
RAI,STP,4.0,TKR
SEG,LON,35.4,SDS
SEG,STP,35.5,SDS
SSS,LON,30.8,SDS
SSS,STP,30.9,SDS
SWO,LON,45.7,SDS
SWO,STP,45.8,SDS
SPH,LON,46.1,SDS
SPH,STP,46.2,SDS
SIT,LON,30.6,SDS
SIT,STP,30.7,SDS
SDA,LON,28.5,SDS
SDA,STP,28.6,SDS
SOO,BFR,4.0,TKR
SOO,LBG,4.0,TKR
SOO,LON,20.0,SDS
SOO,STP,4.0,TKR
TEY,LON,30.8,SDS
TEY,STP,30.9,SDS
WGA,LON,48.4,SDS
WGA,STP,48.5,SDS
WHI,LON,37.8,SDS
WHI,STP,37.9,SDS
AYH,LON,45.4,SDS
AYH,STP,45.5,SDS
BKS,LON,42.7,SDS
BKS,STP,42.8,SDS
CTM,BFR,4.0,TKR
CTM,LBG,4.0,TKR
CTM,LON,24.4,SDS
CTM,STP,4.0,TKR
CSW,LON,38.2,SDS
CSW,STP,38.3,SDS
CUX,LON,20.5,SDS
CUX,STP,23.8,SDS
HGM,BFR,4.0,TKR
HGM,LBG,4.0,TKR
HGM,LON,20.0,SDS
HGM,STP,4.0,TKR
RTR,BFR,4.0,TKR
RTR,LBG,4.0,TKR
RTR,LON,24.4,SDS
RTR,STP,4.0,TKR
KML,LON,30.8,SDS
KML,STP,30.9,SDS
BEX,LON,4.0,TKR
BEX,STP,44.7,SDS
BEX,VIC,4.0,TKR
BAT,LON,38.5,SDS
BAT,STP,38.5,SDS
ETC,LON,33.9,SDS
ETC,STP,33.9,SDS
FRT,LON,29.3,SDS
FRT,STP,29.3,SDS
HGS,LON,4.0,TKR
HGS,STP,44.7,SDS
HCN,LON,31.3,SDS
HCN,STP,31.4,SDS
MRN,LON,27.7,SDS
MRN,STP,27.8,SDS
PDW,LON,24.4,SDS
PDW,STP,24.5,SDS
PLC,LON,33.9,SDS
PLC,STP,34.0,SDS
RBR,LON,35.3,SDS
RBR,STP,35.3,SDS
BEG,LON,24.7,SDS
BEG,STP,24.8,SDS
SPU,LON,28.5,SDS
SPU,STP,28.6,SDS
TON,LON,18.8,SDS
TON,STP,21.4,SDS
TBW,LON,24.9,SDS
TBW,STP,24.9,SDS
WAD,LON,30.6,SDS
WAD,STP,30.6,SDS
YAL,LON,26.5,SDS
YAL,STP,26.6,SDS
CWU,LON,39.3,SDS
CWU,STP,39.3,SDS
EFL,LON,27.6,SDS
EFL,STP,27.7,SDS
HIB,LON,24.0,SDS
HIB,STP,24.0,SDS
HLB,LON,20.2,SDS
HLB,STP,20.2,SDS
NHE,LON,28.5,SDS
NHE,STP,28.6,SDS
SLQ,LON,4.0,TKR
SLQ,STP,44.7,SDS
SOG,LON,30.8,SDS
SOG,STP,30.8,SDS
WTR,LON,26.5,SDS
WTR,STP,26.6,SDS
WLD,LON,44.6,SDS
WLD,STP,44.7,SDS
SOJ,LON,39.0,SDS
SCG,BFR,4.0,TKR
SCG,LBG,4.0,TKR
SCG,LON,13.0,SDS
SCG,STP,4.0,TKR
SWL,LON,30.8,SDS
SWL,STP,30.9,SDS
AMY,LON,4.0,TKR
AMY,STP,4.0,TKR
AMY,VIC,4.0,TKR
ARU,LON,4.0,TKR
ARU,STP,4.0,TKR
ARU,VIC,4.0,TKR
BAA,LON,4.0,TKR
BAA,STP,4.0,TKR
BAA,VIC,4.0,TKR
BOG,LON,4.0,TKR
BOG,STP,4.0,TKR
BOG,VIC,4.0,TKR
BOH,LON,4.0,TKR
BOH,STP,47.3,OR2
BOH,VIC,4.0,TKR
CCH,LON,4.0,TKR
CCH,STP,47.3,OR2
CCH,VIC,4.0,TKR
EMS,LON,4.0,TKR
EMS,STP,47.3,OR2
EMS,VIC,4.0,TKR
FOD,LON,4.0,TKR
FOD,STP,4.0,TKR
FOD,VIC,4.0,TKR
LIT,LON,4.0,TKR
LIT,STP,4.0,TKR
LIT,VIC,4.0,TKR
FSB,LON,4.0,TKR
FSB,STP,47.3,OR2
FSB,VIC,4.0,TKR
NUT,LON,4.0,TKR
NUT,STP,47.3,OR2
NUT,VIC,4.0,TKR
SOB,LON,4.0,TKR
SOB,STP,47.3,OR2
SOB,VIC,4.0,TKR
WBL,LON,4.0,TKR
WBL,STP,47.3,OR2
WBL,VIC,4.0,TKR
ANG,LON,4.0,TKR
ANG,STP,4.0,TKR
ANG,VIC,4.0,TKR
BTN,BFR,4.0,TKR
BTN,LBG,4.0,TKR
BTN,LON,4.0,TKR
BTN,STP,4.0,TKR
BTN,VIC,4.0,TKR
GBS,LON,4.0,TKR
GBS,STP,4.0,TKR
GBS,VIC,4.0,TKR
HOV,LON,4.0,TKR
HOV,STP,4.0,TKR
HOV,VIC,4.0,TKR
LAC,LON,4.0,TKR
LAC,STP,4.0,TKR
LAC,VIC,4.0,TKR
PLD,LON,4.0,TKR
PLD,STP,4.0,TKR
PLD,VIC,4.0,TKR
SSE,LON,4.0,TKR
SSE,STP,4.0,TKR
SSE,VIC,4.0,TKR
WWO,LON,4.0,TKR
WWO,STP,4.0,TKR
WWO,VIC,4.0,TKR
WRH,LON,4.0,TKR
WRH,STP,4.0,TKR
WRH,VIC,4.0,TKR
AGT,LON,4.0,TKR
AGT,STP,4.0,TKR
AGT,VIC,4.0,TKR
LRB,LON,4.0,TKR
LRB,STP,4.0,TKR
LRB,VIC,4.0,TKR
DUR,LON,4.0,TKR
DUR,STP,4.0,TKR
DUR,VIC,4.0,TKR
EWR,LON,4.0,TKR
EWR,STP,4.0,TKR
EWR,VIC,4.0,TKR
FSG,LON,4.0,TKR
FSG,STP,4.0,TKR
FSG,VIC,4.0,TKR
PRP,BFR,4.0,TKR
PRP,LBG,4.0,TKR
PRP,LON,4.0,TKR
PRP,STP,4.0,TKR
PRP,VIC,4.0,TKR
SWK,LON,4.0,TKR
SWK,STP,4.0,TKR
SWK,VIC,4.0,TKR
LIH,LON,4.0,TKR
LIH,VIC,4.0,TKR
CHL,LON,21.3,SDS
CHL,STP,21.8,SDS
DKT,LON,14.6,SDS
DKT,STP,15.1,SDS
GOM,LON,18.0,SDS
GOM,STP,21.8,SDS
CLP,LON,4.5,SDS
HLM,LON,4.0,TKR
HLM,STP,4.0,TKR
HLM,VIC,4.0,TKR
HRH,LON,4.0,TKR
HRH,STP,4.0,TKR
HRH,VIC,4.0,TKR
OLY,LON,4.0,TKR
OLY,STP,4.0,TKR
OLY,VIC,4.0,TKR
MCB,LON,4.0,TKR
MCB,STP,4.0,TKR
MCB,VIC,4.0,TKR
WNH,LON,4.0,TKR
WNH,STP,4.0,TKR
WNH,VIC,4.0,TKR
CHH,LON,4.0,TKR
CHH,STP,4.0,TKR
CHH,VIC,4.0,TKR
BRK,LON,4.0,TKR
BRK,STP,4.0,TKR
BRK,VIC,4.0,TKR
BXD,LON,4.0,TKR
BXD,STP,4.0,TKR
COH,LON,4.0,TKR
COH,STP,4.0,TKR
LWS,LON,4.0,TKR
LWS,STP,4.0,TKR
LWS,VIC,4.0,TKR
NVH,LON,4.0,TKR
NVH,STP,4.0,TKR
NVH,VIC,4.0,TKR
NVN,LON,4.0,TKR
NVN,STP,4.0,TKR
NVN,VIC,4.0,TKR
PMP,LON,4.0,TKR
PMP,STP,4.0,TKR
PMP,VIC,4.0,TKR
SEF,LON,4.0,TKR
SEF,STP,4.0,TKR
SEF,VIC,4.0,TKR
UCK,LON,4.0,TKR
UCK,STP,4.0,TKR
CBR,LON,4.0,TKR
CBR,STP,4.0,TKR
CBR,VIC,4.0,TKR
FMR,LON,4.0,TKR
FMR,STP,4.0,TKR
FMR,VIC,4.0,TKR
GLY,LON,4.0,TKR
GLY,STP,4.0,TKR
GLY,VIC,4.0,TKR
SEE,LON,4.0,TKR
SEE,STP,4.0,TKR
SEE,VIC,4.0,TKR
WVF,BFR,4.0,TKR
WVF,LBG,4.0,TKR
WVF,LON,4.0,TKR
WVF,STP,4.0,TKR
WVF,VIC,4.0,TKR
NXG,SRA,7.0,SDS
AHD,LON,4.0,TKR
AHD,STP,9.2,SDS
DKG,LON,14.6,SDS
EPS,LON,9.2,SDS
EPS,STP,9.2,SDS
HOR,LON,4.0,TKR
HOR,STP,4.0,TKR
LHD,LON,4.0,TKR
LHD,STP,10.5,SDS
LFD,LON,4.0,TKR
LFD,STP,4.0,TKR
LFD,VIC,4.0,TKR
WWR,LON,4.5,SDS
OXT,LON,4.0,TKR
OXT,STP,4.0,TKR
OXT,VIC,4.0,TKR
SAF,LON,4.0,TKR
SAF,STP,4.0,TKR
AHS,LON,4.0,TKR
AHS,STP,4.0,TKR
BIP,LON,4.0,TKR
BIP,STP,4.0,TKR
BIP,VIC,4.0,TKR
BXW,LON,4.0,TKR
CWN,LON,4.0,TKR
CWN,STP,4.0,TKR
DPD,LON,14.6,SDS
DPD,STP,15.1,SDS
DMS,LON,4.0,TKR
DMS,STP,4.0,TKR
DMS,VIC,4.0,TKR
ELD,LON,4.0,TKR
ELD,STP,4.0,TKR
GTW,LBG,4.0,TKR
GTW,LON,4.0,TKR
GTW,VIC,4.0,TKR
HEV,LON,4.0,TKR
HEV,STP,4.0,TKR
DMK,LON,4.5,SDS
PMR,LON,4.5,SDS
QRP,SRA,7.0,SDS
VIC,WAT,4.5,SDS
WOH,LON,4.0,TKR
WOH,STP,4.0,TKR
WOH,VIC,4.0,TKR
EBN,LON,4.0,TKR
EBN,STP,4.0,TKR
EBN,VIC,4.0,TKR
HMD,LON,4.0,TKR
HMD,STP,4.0,TKR
HMD,VIC,4.0,TKR
PLG,LON,4.0,TKR
PLG,STP,4.0,TKR
PLG,VIC,4.0,TKR
CLL,LON,4.0,TKR
CLL,STP,44.7,SDS
CLL,VIC,4.0,TKR
COB,LON,4.0,TKR
COB,STP,44.7,SDS
COB,VIC,4.0,TKR
ERI,LON,4.0,TKR
ERI,STP,4.0,TKR
NSB,LON,4.0,TKR
NSB,STP,44.7,SDS
NSB,VIC,4.0,TKR
PEV,LON,43.7,SDS
PEV,VIC,4.0,TKR
PEB,LON,43.7,SDS
PEB,VIC,4.0,TKR
HUR,LON,4.0,TKR
HUR,STP,4.0,TKR
HUR,VIC,4.0,TKR
BIG,LON,4.0,TKR
BIG,STP,4.0,TKR
BIG,VIC,4.0,TKR
PUL,LON,4.0,TKR
PUL,STP,4.0,TKR
PUL,VIC,4.0,TKR
BTO,LON,15.4,SDS
BTO,STP,4.0,TKR
GDN,LON,4.0,TKR
GDN,VIC,4.0,TKR
MHM,LON,4.0,TKR
MHM,STP,4.0,TKR
NUF,LON,4.0,TKR
NUF,VIC,4.0,TKR
PHR,LON,4.0,TKR
PHR,VIC,4.0,TKR
RDH,LON,4.0,TKR
RDH,STP,4.0,TKR
REI,LON,4.0,TKR
REI,STP,4.0,TKR
BUG,BFR,4.0,TKR
BUG,LBG,4.0,TKR
BUG,LON,4.0,TKR
BUG,STP,4.0,TKR
BUG,VIC,4.0,TKR
CRW,LON,4.0,TKR
CRW,STP,4.0,TKR
CRW,VIC,4.0,TKR
EGR,LON,4.0,TKR
EGR,STP,4.0,TKR
EGR,VIC,4.0,TKR
HSK,BFR,4.0,TKR
HSK,LBG,4.0,TKR
HSK,LON,4.0,TKR
HSK,STP,4.0,TKR
HSK,VIC,4.0,TKR
HHE,BFR,4.0,TKR
HHE,LBG,4.0,TKR
HHE,LON,4.0,TKR
HHE,STP,4.0,TKR
HHE,VIC,4.0,TKR
TBD,BFR,4.0,TKR
TBD,LBG,4.0,TKR
TBD,LON,4.0,TKR
TBD,STP,4.0,TKR
TBD,VIC,4.0,TKR
BAB,BFR,4.0,TKR
BAB,LBG,4.0,TKR
BAB,LON,4.0,TKR
BAB,STP,4.0,TKR
BAB,VIC,4.0,TKR
FGT,LON,4.0,TKR
FGT,STP,4.0,TKR
FGT,VIC,4.0,TKR
SAB,LON,65.2,SDS
IFI,LON,4.0,TKR
IFI,STP,4.0,TKR
IFI,VIC,4.0,TKR
LVN,LON,4.0,TKR
LVN,STP,4.0,TKR
LVN,VIC,4.0,TKR
BMY,LON,31.2,OR2
BMY,STP,31.6,OR2
MOR,LON,31.2,OR2
MOR,STP,31.6,OR2
DMH,LON,55.2,OR2
LKE,LON,66.3,SDS
WMN,LON,55.2,OR2
FTN,LON,4.0,TKR
FTN,STP,50.0,OR2
ADV,LON,43.8,OR2
ADV,STP,44.2,OR2
GRT,LON,43.8,OR2
GRT,STP,44.2,OR2
BSK,LON,31.1,OR2
FLE,LON,22.1,SDS
FLE,STP,22.6,SDS
HOK,LON,28.5,OR2
HOK,STP,28.9,OR2
SAN,LON,66.1,SDS
OVR,LON,36.7,OR2
OVR,STP,37.1,OR2
WCH,LON,39.4,OR2
WCH,STP,39.8,OR2
WNF,LON,26.8,OR2
WNF,STP,27.2,OR2
SHN,LON,67.0,SDS
BDN,LON,65.6,SDS
HAV,LON,4.0,TKR
HAV,STP,46.2,OR2
BDH,LON,4.0,TKR
BDH,STP,46.2,OR2
HLS,LON,4.0,TKR
HLS,SRA,44.0,SDS
HLS,STP,50.0,OR2
RYP,LON,65.6,SDS
RYD,LON,67.9,SDS
RYR,LON,64.1,SDS
AON,LON,26.0,OR2
AON,STP,26.4,OR2
FNH,LON,21.7,OR2
FNH,STP,22.1,OR2
AHV,LON,20.2,OR2
AHV,STP,20.6,OR2
ASD,LON,138.7,SDS
ASN,LON,13.6,SDS
ASN,SRA,18.2,SDS
ASN,STP,14.1,SDS
BNS,LON,5.9,SDS
BFD,LON,7.0,SDS
CHY,LON,13.6,SDS
CHY,SRA,18.2,SDS
CHY,STP,14.1,SDS
CSS,LON,9.4,SDS
CLA,LON,15.4,SDS
CLA,SRA,20.8,SDS
CLA,STP,15.9,SDS
CLG,LON,9.6,SDS
CLG,SRA,13.5,SDS
CLG,STP,10.1,SDS
CSD,LON,11.6,SDS
CSD,SRA,17.2,SDS
CSD,STP,12.1,SDS
ESH,LON,9.6,SDS
ESH,SRA,13.7,SDS
ESH,STP,10.1,SDS
FEL,LON,9.4,SDS
HMP,LON,9.4,SDS
HMC,LON,9.4,SDS
HSY,LON,14.1,SDS
HSY,SRA,20.8,SDS
HSY,STP,14.6,SDS
HOU,LON,8.5,SDS
LHR,LON,26.4,SDS
KNG,LON,9.4,SDS
EBD,LON,22.2,SDS
NEM,LON,7.0,SDS
NBT,LON,8.5,SDS
RAY,LON,7.0,SDS
RMD,LON,7.0,SDS
RMD,SRA,7.0,SDS
SUR,LON,9.4,SDS
TED,LON,9.4,SDS
TOL,LON,8.5,SDS
TWI,LON,8.5,SDS
WAL,LON,10.4,SDS
WAL,SRA,15.7,SDS
WAL,STP,10.9,SDS
WNT,LON,4.5,SDS
WYB,LON,10.7,SDS
WYB,SRA,15.7,SDS
WYB,STP,11.2,SDS
WIM,LON,5.9,SDS
WCP,LON,7.0,SDS
BNI,LON,5.9,SDS
BRS,LON,8.5,SDS
CSN,LON,9.4,SDS
CHK,LON,5.9,SDS
EAD,LON,5.9,SDS
EWW,LON,9.4,SDS
FLW,LON,9.4,SDS
GUN,EUS,7.0,SDS
GUN,SRA,7.0,SDS
HMW,LON,9.4,SDS
HER,LON,9.7,SDS
HER,SRA,13.7,SDS
HER,STP,10.2,SDS
HYW,LON,9.6,SDS
HYW,SRA,13.5,SDS
HYW,STP,10.1,SDS
ISL,LON,7.0,SDS
KWB,LON,5.9,SDS
KWG,EUS,7.0,SDS
KWG,SRA,7.0,SDS
CLJ,LON,4.5,SDS
CLJ,SRA,7.0,SDS
QRB,LON,4.5,SDS
VXH,VIC,4.5,SDS
VXH,WAT,4.1,SDS
MAL,LON,7.0,SDS
MTL,EUS,7.0,SDS
MTL,LON,5.9,SDS
MTL,SRA,5.0,SDS
NSH,LON,5.9,SDS
NSH,SRA,5.0,SDS
OXS,LON,10.7,SDS
OXS,SRA,13.5,SDS
OXS,STP,11.2,SDS
PUT,LON,4.5,SDS
SMG,LON,7.0,SDS
SMG,SRA,5.0,SDS
SHP,LON,11.1,SDS
SHP,STP,11.1,SDS
SNL,LON,8.5,SDS
STW,LON,8.5,SDS
SUU,LON,10.2,SDS
SUU,STP,10.2,SDS
SYL,LON,7.0,SDS
THD,LON,9.4,SDS
WTN,LON,8.5,SDS
UPH,LON,10.7,SDS
UPH,STP,10.7,SDS
AHT,LON,20.2,OR2
AHT,STP,20.6,OR2
BTY,LON,23.3,OR2
BTY,STP,23.7,OR2
BAW,LON,21.0,OR2
BKA,LON,11.8,SDS
BKA,STP,12.3,SDS
CRN,LON,21.0,OR2
GOD,LON,20.5,OR2
GOD,STP,20.9,OR2
GLD,LON,17.7,SDS
GLD,SRA,22.0,OR2
GLD,STP,18.2,SDS
LRD,LON,17.7,SDS
LRD,STP,18.2,SDS
HSL,LON,29.4,OR2
HSL,STP,29.8,OR2
LIP,LON,30.6,OR2
LIP,STP,31.0,OR2
LIS,LON,34.6,OR2
LIS,STP,35.0,OR2
NCM,LON,21.0,OR2
NCM,STP,21.4,OR2
SFR,LON,17.9,SDS
SFR,STP,18.4,SDS
WAN,LON,20.5,OR2
WAN,STP,20.9,OR2
WTY,LON,22.2,OR2
WTY,STP,22.6,OR2
ASH,LON,20.5,OR2
ASH,STP,20.9,OR2
EFF,LON,12.1,SDS
EFF,SRA,17.2,SDS
EFF,STP,12.6,SDS
FNC,LON,20.5,OR2
FNC,STP,20.9,OR2
MLF,LON,21.1,OR2
MLF,STP,21.5,OR2
MOT,LON,7.0,SDS
SND,LON,21.0,OR2
PTR,LON,36.3,OR2
PTR,STP,36.7,OR2
RLN,LON,44.9,OR2
RLN,STP,45.3,OR2
SAL,LON,53.1,OR2
SAL,STP,53.5,OR2
ACT,LON,16.4,SDS
ACT,STP,16.9,SDS
AFS,LON,10.6,SDS
AFS,STP,10.6,SDS
DAT,LON,12.7,SDS
DAT,STP,12.7,SDS
EGH,LON,12.7,SDS
EGH,STP,12.7,SDS
SNS,LON,10.9,SDS
SNS,STP,10.9,SDS
SNG,LON,15.5,SDS
SNG,SRA,18.2,SDS
SNG,STP,16.0,SDS
WNR,LON,13.0,SDS
WNR,STP,13.0,SDS
WRY,LON,11.9,SDS
WRY,STP,11.9,SDS
LNG,LON,13.7,SDS
LNG,SRA,18.2,SDS
LNG,STP,14.2,SDS
SNY,LON,12.7,SDS
SNY,STP,12.7,SDS
VIR,LON,13.0,SDS
VIR,STP,13.0,SDS
KMP,LON,10.2,SDS
KMP,STP,10.2,SDS
BAG,LON,19.9,SDS
BAG,STP,21.2,OR2
CAM,LON,20.2,OR2
CAM,STP,20.6,OR2
FML,LON,20.2,OR2
FML,STP,20.6,OR2
WBY,LON,13.7,SDS
WBY,SRA,20.2,SDS
WBY,STP,14.2,SDS
WOK,LON,15.2,SDS
WOK,SRA,20.2,SDS
WOK,STP,15.7,SDS
WPL,LON,17.4,SDS
WPL,STP,17.9,SDS
BKO,LON,17.4,SDS
BKO,STP,17.9,SDS
BFN,LON,12.6,SDS
BFN,SRA,20.2,SDS
BFN,STP,13.1,SDS
MAO,LON,17.7,OR2
MAO,STP,18.2,OR2
BCE,LON,18.0,OR2
BCE,STP,18.5,OR2
EAR,LON,21.4,OR2
EAR,STP,21.9,OR2
WKM,LON,20.5,OR2
WKM,STP,21.0,OR2
WNS,LON,21.1,OR2
WNS,STP,21.6,OR2
WTI,LON,21.1,OR2
WTI,STP,21.6,OR2
BRU,LON,113.4,SDS
CLC,LON,129.3,SDS
FRO,LON,47.25,OR2
WSB,LON,55.2,OR2
AXM,LON,84.2,OR2
HON,LON,85.9,OR2
BNP,LON,110.5,OR2
SJP,LON,149.5,SDS
DIG,LON,149.5,SDS
CDI,LON,104.8,OR2
EXC,LON,93.5,OR2
EXM,LON,149.5,SDS
PIN,LON,88.1,OR2
TOP,LON,149.5,SDS
WHM,LON,88.1,OR2
EXN,LON,149.5,SDS
LYM,LON,149.5,SDS
LYC,LON,149.5,SDS
,BFR,4.1,SDS
,CHX,4.1,SDS
,LBG,4.1,SDS
,STP,4.1,SDS
,WAE,4.1,SDS
OKE,LON,104.8,OR2
GIL,LON,65.0,OR2
TIS,LON,61.5,OR2
FNT,LON,85.9,OR2
CPN,LON,110.5,OR2
COP,LON,107.3,OR2
EGG,LON,109.1,OR2
KGN,LON,109.1,OR2
LAP,LON,109.1,OR2
MRD,LON,107.3,OR2
UMB,LON,110.5,OR2
YEO,LON,107.3,OR2
NTC,LON,104.8,OR2
PMA,LON,110.5,OR2
CKN,LON,75.3,OR2
SHE,LON,72.4,OR2
CFR,LON,53.5,OR2
CFR,STP,53.9,OR2
TMC,LON,66.0,OR2
YVJ,LON,73.1,OR2
CNO,LON,138.7,SDS
THO,LON,138.7,SDS
MDN,LON,138.7,SDS
YVP,LON,138.7,SDS
YET,LON,138.7,SDS
BSM,LON,75.2,OR2
BMH,LON,75.2,OR2
CHR,LON,71.0,OR2
HNA,LON,68.0,OR2
NWM,LON,66.3,OR2
PKS,LON,77.4,OR2
POO,LON,77.4,OR2
SWY,LON,64.4,OR2
POK,LON,72.2,OR2
BCU,LON,62.4,OR2
LYT,LON,63.1,OR2
BEU,LON,59.2,OR2
LYP,LON,63.1,OR2
HDE,LON,49.6,OR2
HDE,STP,50.0,OR2
BOE,LON,49.6,OR2
BOE,STP,50.0,OR2
CSA,LON,4.0,TKR
CSA,SRA,44.0,SDS
CSA,STP,50.0,OR2
ESL,LON,49.6,OR2
ESL,STP,50.0,OR2
FRM,LON,4.0,TKR
FRM,STP,50.0,OR2
ANF,LON,59.2,OR2
MIC,LON,39.4,OR2
MIC,STP,39.8,OR2
MBK,LON,57.0,OR2
MBK,STP,57.4,OR2
NTL,LON,57.0,OR2
NTL,STP,57.4,OR2
RDB,LON,57.0,OR2
RDB,STP,57.4,OR2
SDN,LON,4.0,TKR
SDN,STP,57.4,OR2
SNW,LON,4.0,TKR
SNW,STP,57.4,OR2
TTN,LON,59.2,OR2
SOA,LON,57.0,OR2
SOA,STP,57.4,OR2
WIN,LON,48.5,OR2
WIN,STP,48.9,OR2
WLS,LON,4.0,TKR
WLS,STP,57.4,OR2
BUO,LON,57.0,OR2
BUO,STP,57.4,OR2
PTC,LON,4.0,TKR
PTC,STP,50.0,OR2
SHW,LON,48.5,OR2
SHW,STP,48.9,OR2
SHO,LON,57.0,OR2
SHO,STP,57.4,OR2
SOU,LON,4.0,TKR
SOU,STP,57.4,OR2
SWG,LON,57.0,OR2
SWG,STP,57.4,OR2
HAM,LON,77.6,OR2
HOL,LON,77.6,OR2
DEN,LON,58.0,OR2
DEN,STP,58.4,OR2
ROM,LON,58.0,OR2
ROM,STP,58.4,OR2
DBG,LON,58.0,OR2
DBG,STP,58.4,OR2
BTE,LON,57.0,OR2
BTE,STP,57.4,OR2
HME,LON,57.0,OR2
HME,STP,57.4,OR2
MTN,LON,81.6,OR2
WRM,LON,80.9,OR2
WOO,LON,81.4,OR2
WEY,LON,86.0,OR2
UPW,LON,84.7,OR2
DYP,SRA,7.0,SDS
EXR,SRA,7.0,SDS
BAY,BFR,13.6,SDS
BAY,LBG,13.6,SDS
BAY,LON,4.0,TKR
CUF,BFR,10.6,SDS
CUF,LBG,10.6,SDS
CUF,LON,4.0,TKR
HHY,SRA,7.0,SDS
ENC,LON,8.5,SDS
NBA,LON,8.5,SDS
PBR,BFR,11.6,SDS
PBR,LBG,11.6,SDS
PBR,LON,4.0,TKR
BOP,SRA,4.2,SDS
GDH,LON,8.5,SDS
GPK,LON,8.5,SDS
HAT,BFR,14.3,SDS
HAT,LBG,14.3,SDS
HAT,LON,4.0,TKR
WMG,BFR,12.3,SDS
WMG,LBG,12.3,SDS
WMG,LON,4.0,TKR
BPK,BFR,12.3,SDS
BPK,LBG,12.3,SDS
BPK,LON,4.0,TKR
AWM,BFR,4.0,TKR
AWM,LBG,4.0,TKR
AWM,LON,4.0,TKR
AWM,STP,4.0,TKR
BDK,BFR,4.0,TKR
BDK,LBG,4.0,TKR
BDK,LON,4.0,TKR
BDK,STP,4.0,TKR
HFN,LON,4.0,TKR
HIT,BFR,4.0,TKR
HIT,LBG,4.0,TKR
HIT,LON,4.0,TKR
HIT,STP,4.0,TKR
KBW,BFR,13.4,SDS
KBW,LBG,13.4,SDS
KBW,LON,4.0,TKR
LET,BFR,4.0,TKR
LET,LBG,4.0,TKR
LET,LON,4.0,TKR
LET,STP,4.0,TKR
RYS,BFR,4.0,TKR
RYS,LBG,4.0,TKR
RYS,LON,4.0,TKR
RYS,STP,4.0,TKR
SVG,BFR,4.0,TKR
SVG,LBG,4.0,TKR
SVG,LON,4.0,TKR
SVG,STP,4.0,TKR
WAS,BFR,13.4,SDS
WAS,LBG,13.4,SDS
WAS,LON,4.0,TKR
WLW,BFR,13.4,SDS
WLW,LBG,13.4,SDS
WLW,LON,4.0,TKR
HUN,BFR,4.0,TKR
HUN,LBG,4.0,TKR
HUN,LON,4.0,TKR
HUN,STP,4.0,TKR
SNO,BFR,4.0,TKR
SNO,LBG,4.0,TKR
SNO,LON,4.0,TKR
SNO,STP,4.0,TKR
PBO,BFR,4.0,TKR
PBO,LBG,4.0,TKR
PBO,LON,43.1,SDS
PBO,STP,4.0,TKR
SMD,LON,47.7,SDS
BIW,BFR,4.0,TKR
BIW,LBG,4.0,TKR
BIW,LON,4.0,TKR
BIW,STP,4.0,TKR
ARL,BFR,4.0,TKR
ARL,LBG,4.0,TKR
ARL,LON,4.0,TKR
ARL,STP,4.0,TKR
SDY,BFR,4.0,TKR
SDY,LBG,4.0,TKR
SDY,LON,4.0,TKR
SDY,STP,4.0,TKR
WGC,BFR,16.2,SDS
WGC,LBG,16.2,SDS
WGC,LON,4.0,TKR
BUJ,LON,116.6,SOS
CTO,LON,116.6,SOS
LOW,LON,116.6,SOS
THU,LON,116.6,SOS
BSB,LON,116.6,SOS
ALK,LON,116.6,SOS
BIN,LON,116.6,SOS
BTF,LON,116.6,SOS
ELO,LON,116.6,SOS
NET,LON,116.6,SOS
RDF,LON,116.6,SOS
HKM,LON,116.6,SOS
BPA,LON,21.3,SDS
BPA,SRA,17.7,SDS
LCN,LON,116.6,SOS
CLM,LON,116.6,SOS
FSK,LON,116.6,SOS
ROL,LON,116.6,SOS
SWD,LON,116.6,SOS
GBG,KGX,96.0,SDS
DON,LON,136.9,SOS
GRA,LON,93.9,SDS
CNS,KGX,111.0,SOS
,LON,7.0,SDS
,SRA,7.0,SDS
CWE,KGX,115.0,SOS
KKS,KGX,111.0,SOS
HFS,KGX,111.0,SOS
ALP,KGX,115.0,SOS
EGY,KGX,95.0,SDS
WWL,LON,119.8,SOS
SRO,KGX,95.0,SOS
WRK,KGX,94.0,SOS
WOP,LON,60.0,SDS
MRW,LST,7.0,SDS
MRW,SRA,7.0,SDS
CHD,LON,128.1,SOS
RMC,KGX,111.0,SOS
FGW,LON,164.5,SDS
SWN,KGX,111.0,SOS
SHF,LON,128.1,SOS
MEX,KGX,111.0,SOS
BNY,KGX,107.0,SOS
STY,LON,92.8,SDS
BIS,LON,17.1,SDS
BIS,SRA,16.6,SDS
BTR,LON,32.8,SDS
BTR,SRA,26.0,SDS
BTR,STP,34.5,SDS
HWM,LON,14.1,SDS
SAW,LON,14.9,SDS
SAW,SRA,14.8,SDS
BMD,LST,8.5,SDS
BMD,SRA,8.5,SDS
BXB,LON,13.8,SDS
CHN,LST,10.1,SDS
ENL,LST,9.4,SDS
HFE,LST,13.8,SDS
PON,LST,8.5,SDS
PON,SRA,8.5,SDS
RYH,LON,13.8,SDS
SMT,LON,13.8,SDS
WLC,LST,9.5,SDS
WAR,LON,13.8,SDS
HWN,LON,13.6,SDS
HWN,SRA,11.2,SDS
RYN,LON,11.0,SDS
ESM,LON,22.9,SDS
ESM,SRA,22.0,SDS
SST,LON,17.7,SDS
SST,SRA,16.9,SDS
SSD,LON,23.0,SDS
SSD,SRA,22.0,SDS
CHM,LON,19.0,SDS
CHM,SRA,15.6,SDS
CES,LON,32.8,SDS
CES,SRA,26.0,SDS
CES,STP,34.5,SDS
KEL,LON,32.8,SDS
KEL,SRA,26.0,SDS
KEL,STP,34.5,SDS
WTM,LON,24.8,SDS
WTM,SRA,21.2,SDS
WTM,STP,31.9,SDS
HAP,LON,24.4,SDS
HAP,SRA,20.5,SDS
HAP,STP,30.4,SDS
WNY,LON,31.8,SDS
WNY,SRA,25.3,SDS
WNY,STP,33.8,SDS
ALR,LON,43.4,SDS
ALR,SRA,36.3,SDS
ALR,STP,44.8,SDS
CLT,LON,47.4,SDS
CLT,SRA,43.0,SDS
CLT,STP,51.5,SDS
HYH,LON,39.3,SDS
HYH,SRA,36.3,SDS
HYH,STP,44.8,SDS
FRI,LON,47.4,SDS
FRI,SRA,43.0,SDS
FRI,STP,51.5,SDS
GRB,LON,46.5,SDS
GRB,SRA,36.8,SDS
GRB,STP,45.3,SDS
MNG,LON,44.0,SDS
MNG,SRA,37.4,SDS
MNG,STP,45.9,SDS
TLS,LON,47.4,SDS
TLS,SRA,38.8,SDS
TLS,STP,47.3,SDS
WON,LON,47.4,SDS
WON,SRA,43.0,SDS
WON,STP,51.5,SDS
WEE,LON,46.5,SDS
WEE,SRA,37.1,SDS
WEE,STP,45.6,SDS
WIV,LON,43.4,SDS
WIV,SRA,36.3,SDS
WIV,STP,44.8,SDS
KBX,LON,47.4,SDS
KBX,SRA,40.9,SDS
KBX,STP,49.4,SDS
MKT,LON,33.9,SDS
MKT,SRA,27.3,SDS
MKT,STP,35.8,SDS
HAC,LST,4.5,SDS
HAC,SRA,4.5,SDS
ALN,LON,25.3,SDS
ALN,SRA,22.0,SDS
ALN,STP,31.3,SDS
BLB,LON,22.2,SDS
BLB,SRA,18.5,SDS
BLB,STP,27.0,SDS
BIC,LON,15.5,SDS
BIC,SRA,12.7,SDS
BIC,STP,22.3,SDS
BRE,LST,12.1,SDS
BRE,SRA,10.1,SDS
BRE,STP,18.6,SDS
BUU,LON,26.0,SDS
BUU,SRA,22.5,SDS
BUU,STP,32.5,SDS
CTH,LST,8.5,SDS
NFA,LON,24.7,SDS
NFA,SRA,21.0,SDS
NFA,STP,29.5,SDS
FOG,LST,5.9,SDS
FOG,SRA,3.5,SDS
FOG,STP,12.0,SDS
GDP,LST,9.4,SDS
GMY,LST,7.0,SDS
HRO,LST,9.4,SDS
HOC,LST,20.1,SDS
HOC,SRA,16.6,SDS
HOC,STP,26.9,SDS
IFD,LST,7.0,SDS
INT,LON,15.3,SDS
INT,SRA,12.7,SDS
INT,STP,22.3,SDS
MNP,LST,5.9,SDS
MNP,SRA,3.5,SDS
MNP,STP,12.0,SDS
RLG,LON,20.1,SDS
RLG,SRA,16.6,SDS
RLG,STP,26.9,SDS
RFD,LST,20.1,SDS
RFD,SRA,16.6,SDS
RFD,STP,26.9,SDS
RMF,LST,9.4,SDS
SNF,LST,15.6,SDS
SNF,SRA,13.3,SDS
SNF,STP,21.8,SDS
SMN,LON,26.0,SDS
SMN,SRA,23.0,SDS
SMN,STP,32.6,SDS
WIC,LON,16.7,SDS
WIC,SRA,13.8,SDS
WIC,STP,24.2,SDS
SOF,LON,23.4,SDS
SOF,SRA,19.9,SDS
SOF,STP,28.4,SDS
SVK,LST,7.0,SDS
DVC,LON,45.5,SDS
DVC,SRA,39.0,SDS
DVC,STP,47.5,SDS
HPQ,LON,45.5,SDS
HPQ,SRA,41.3,SOS
HPQ,STP,49.8,SOS
HWC,LON,45.5,SDS
HWC,SRA,39.0,SDS
HWC,STP,47.5,SDS
MIS,LON,44.6,SDS
MIS,SRA,37.4,SDS
MIS,STP,45.9,SDS
WRB,LON,44.6,SDS
WRB,SRA,39.0,SDS
WRB,STP,47.5,SDS
BHK,LST,8.5,SDS
CHI,LST,8.5,SDS
CHI,SRA,4.2,SDS
HIP,LST,7.0,SDS
HIP,SRA,5.0,SDS
CPT,LST,4.5,SDS
CPT,SRA,3.5,SDS
LEB,LST,7.0,SDS
LEB,SRA,3.5,SDS
NEG,KGX,95.0,SDS
SVS,LST,7.0,SDS
SVS,SRA,4.2,SDS
SKW,LST,4.5,SDS
SKW,SRA,4.2,SDS
EDR,LST,7.0,SDS
EDR,SRA,5.0,SDS
SBU,LST,8.5,SDS
SBU,SRA,5.8,SDS
TEO,LST,9.5,SDS
TEO,SRA,6.2,SDS
TOM,LST,7.0,SDS
TOM,SRA,7.0,SDS
TUR,LST,9.4,SDS
TUR,SRA,6.4,SDS
WHC,LST,7.0,SDS
WHC,SRA,4.2,SDS
WST,LST,7.0,SDS
WST,SRA,5.0,SDS
WHL,LST,5.9,SDS
WHL,SRA,4.2,SDS
BCV,LST,5.9,SDS
BCV,SRA,4.2,SDS
ENF,LST,8.5,SDS
BET,LST,4.5,SDS
BET,SRA,4.5,SDS
CBH,LST,4.5,SDS
CBH,SRA,4.5,SDS
SFI,KGX,95.0,SDS
LST,SRA,7.0,SDS
LOF,LST,4.5,SDS
LOF,SRA,4.5,SDS
REC,LST,4.5,SDS
REC,SRA,4.2,SDS
SMH,LST,5.9,SDS
SMH,SRA,4.2,SDS
SRA,LST,7.0,SDS
MYL,LST,5.9,SDS
MYL,STP,12.0,SDS
NUM,LST,5.9,SDS
SLV,LST,7.0,SDS
SJS,LST,5.9,SDS
BGA,LON,89.1,SOS
BSE,LON,47.5,SOS
KNE,LON,41.3,SOS
AUD,LON,27.9,SDS
CBG,BFR,4.0,TKR
CBG,KGX,4.0,TKR
CBG,LBG,4.0,TKR
CBG,LON,4.0,TKR
CBG,STP,4.0,TKR
DUL,LON,43.8,SDS
FXN,BFR,29.9,SDS
FXN,LBG,29.9,SDS
FXN,LON,4.0,TKR
GRC,LON,29.4,SDS
GRC,SRA,29.4,SDS
MEL,BFR,29.9,SDS
MEL,LBG,29.9,SDS
MEL,LON,4.0,TKR
NMK,LON,43.8,SDS
NWE,LON,25.6,SDS
NWE,SRA,25.5,SDS
SED,LON,29.4,SDS
SED,SRA,29.4,SDS
STH,BFR,29.9,SDS
STH,LBG,29.9,SDS
STH,LON,4.0,TKR
WLF,LON,29.4,SDS
WLF,SRA,29.4,SDS
CWC,LON,38.2,SDS
CWC,SRA,32.3,SDS
CWC,STP,40.8,SDS
DOW,BFR,47.2,SDS
DOW,LBG,47.2,SDS
DOW,LON,4.0,TKR
WTG,BFR,47.2,SDS
WTG,LBG,47.2,SDS
WTG,LON,4.0,TKR
ELY,BFR,39.0,SDS
ELY,LBG,39.0,SDS
ELY,LON,4.0,TKR
LTP,BFR,42.9,SDS
LTP,LBG,42.9,SDS
LTP,LON,4.0,TKR
SPP,LON,45.1,SDS
WBC,BFR,33.0,SDS
WBC,LBG,33.0,SDS
WBC,LON,4.0,TKR
BUE,LON,41.6,SDS
BUE,SRA,33.2,SDS
BUE,STP,41.7,SDS
SUY,LON,42.8,SDS
SUY,SRA,33.7,SDS
SUY,STP,42.2,SDS
KLN,BFR,48.7,SDS
KLN,LBG,48.7,SDS
KLN,LON,4.0,TKR
MCH,LON,46.2,SDS
WLE,LON,45.1,SDS
BND,LON,76.3,SOS
LAK,LON,45.1,SDS
TTF,LON,78.7,SOS
DSM,LON,74.3,SOS
DBR,LON,66.8,SOS
DBR,SRA,66.8,SOS
DBR,STP,75.3,SOS
FLX,LON,66.8,SOS
FLX,SRA,66.8,SOS
FLX,STP,75.3,SOS
IPS,LON,66.8,SOS
IPS,SRA,66.8,SOS
IPS,STP,75.3,SOS
MES,LON,68.8,SOS
MES,SRA,66.8,SOS
MES,STP,75.3,SOS
SFA,LON,8.5,SDS
SAX,LON,74.3,SOS
TRM,LON,66.8,SOS
TRM,SRA,66.8,SOS
TRM,STP,75.3,SOS
WFI,LON,66.8,SOS
WFI,SRA,66.8,SOS
WFI,STP,75.3,SOS
WCM,LON,74.3,SOS
WDB,LON,68.8,SOS
WDB,SRA,66.8,SOS
WDB,STP,75.3,SOS
BCC,LON,77.4,SOS
BRP,LON,77.4,SOS
HAS,LON,77.4,SOS
LWT,LON,77.4,SOS
OUN,LON,82.2,SOS
OUS,LON,77.4,SOS
ACL,LON,90.5,SOS
BDA,LON,89.1,SOS
BUC,LON,82.2,SOS
CNY,LON,82.2,SOS
CMR,LON,92.6,SOS
RNR,LON,92.6,SOS
GNT,LON,92.6,SOS
HAD,LON,82.2,SOS
LGD,LON,90.5,SOS
NWA,LON,92.6,SOS
NRW,LON,88.9,SOS
REE,LON,82.2,SOS
SAH,LON,92.6,SOS
SHM,LON,92.6,SOS
SYT,LON,82.2,SOS
WRT,LON,92.6,SOS
HXM,LON,92.6,SOS
GYM,LON,94.7,SOS
WRN,LON,92.6,SOS
BYA,LON,90.5,SOS
DIS,LON,82.1,SOS
ESW,LON,76.1,SOS
NMT,LON,72.1,SOS
SMK,LON,72.1,SOS
TRS,LON,48.5,SOS
ATL,LON,78.7,SOS
ECS,LON,78.7,SOS
HRD,LON,78.7,SOS
SPN,LON,78.7,SOS
WMD,LON,78.7,SOS
PRL,LST,20.1,SDS
PRL,SRA,16.6,SDS
PRL,STP,26.9,SDS
SOV,LST,20.1,SDS
SOV,SRA,16.6,SDS
SOV,STP,26.9,SDS
BEF,LON,11.7,SDS
BEF,SRA,12.5,SDS
DDK,LON,8.5,SDS
GRY,LON,7.7,SDS
GRY,SRA,8.8,SDS
LAI,LON,9.5,SDS
LAI,SRA,10.9,SDS
LES,LON,11.7,SDS
LES,SRA,12.5,SDS
CFH,LON,7.7,SDS
CFH,SRA,8.8,SDS
OCK,LON,7.7,SDS
OCK,SRA,8.8,SDS
PSE,LON,10.1,SDS
PSE,SRA,11.9,SDS
PFL,LON,7.7,SDS
PFL,SRA,8.8,SDS
RNM,LON,9.4,SDS
SRY,LON,13.1,SDS
SRY,SRA,13.9,SDS
SOC,LON,12.4,SDS
SOC,SRA,13.4,SDS
SOE,LON,12.4,SDS
SOE,SRA,13.4,SDS
SFO,LON,9.5,SDS
SFO,SRA,10.9,SDS
TPB,LON,13.1,SDS
TPB,SRA,13.9,SDS
UPM,LON,7.0,SDS
WHR,LON,7.8,SDS
WHR,SRA,8.8,SDS
,LON,7.7,SDS
,SRA,8.8,SDS
CHW,LON,11.7,SDS
CHW,SRA,12.5,SDS
ETL,LON,9.5,SDS
ETL,SRA,10.9,SDS
EMP,LON,9.4,SDS
WEH,FST,7.0,SDS
WCF,LON,12.4,SDS
WCF,SRA,13.4,SDS
LHS,FST,7.0,SDS
BKG,LON,7.0,SDS
BSO,LON,9.5,SDS
BSO,SRA,10.9,SDS
BLO,KGX,91.0,SDS
CRB,KGX,94.0,SDS
HEX,KGX,95.0,SDS
PRU,KGX,91.0,SDS
RDM,KGX,94.0,SDS
SKS,KGX,93.0,SDS
WYM,KGX,91.0,SDS
BLL,KGX,95.0,SDS
BMP,LON,209.0,SOS
HWH,KGX,95.0,SDS
HDB,KGX,95.0,SDS
WRL,LON,209.0,SOS
CRM,KGX,93.0,SDS
MAS,KGX,90.0,SDS
ASL,KGX,92.0,SDS
SUN,KGX,91.0,SDS
SEB,LON,218.0,SOS
NWH,KGX,91.0,SDS
MCE,KGX,90.0,SDS
NCL,LON,200.8,SOS
BNR,LON,218.0,SOS
DOT,KGX,91.0,SDS
DHM,LON,199.9,SOS
EBL,LON,218.0,SOS
MBT,LON,93.5,OR2
ILN,LON,125.5,SOS
BWK,LON,204.0,SOS
,LBG,8.2,SDS
,LON,7.0,SDS
,LON,7.0,SDS
,SRA,7.0,SDS
,LON,7.0,SDS
,SRA,7.0,SDS
,LON,7.0,SDS
,SRA,7.0,SDS
,LON,7.0,SDS
,SRA,7.0,SDS
,SRA,7.0,SDS
,LON,40.7,SDS
,SRA,7.0,SDS
KNW,EUS,58.7,SOS
KNW,LON,91.0,SDS
CMB,KGX,4.0,TKR
CMB,LON,4.0,TKR
GOO,KGX,113.5,SOS
SAM,KGX,115.0,SOS
ARR,KGX,130.0,SOS
BEV,KGX,127.0,SOS
BDT,KGX,131.0,SOS
CGM,KGX,127.0,SOS
DRF,KGX,130.0,SOS
FRY,KGX,127.0,SOS
HES,KGX,127.0,SOS
HUT,KGX,130.0,SOS
NFN,KGX,130.0,SOS
GBD,KGX,123.0,SOS
YRK,LON,172.5,SOS
,SRA,7.0,SDS
BYK,KGX,111.0,SOS
AWK,KGX,111.0,SOS
SES,KGX,111.0,SOS
SNA,KGX,111.0,SOS
WIA,LON,94.4,SDS
BHS,LON,140.7,SOS
BBW,LON,140.7,SOS
DBD,LON,140.7,SOS
HOY,LON,140.7,SOS
LCK,LON,140.7,SOS
SPY,LON,140.7,SOS
SSM,LON,140.7,SOS
LDS,LON,160.6,SOS
MOV,LON,92.8,SDS
WRP,LON,91.0,SDS
MRP,LON,128.1,SOS
FZW,KGX,111.0,SOS
AVM,KGX,115.0,SDS
RSN,LON,204.0,SOS
INV,KGX,116.0,SDS
KIN,KGX,114.0,SDS
DBL,KGX,102.5,SDS
GLE,KGX,105.0,SDS
OBN,KGX,118.0,SDS
PIT,KGX,109.0,SDS
PTH,KGX,105.0,SDS
BSU,KGX,94.0,SDS
NEW,KGX,95.0,SDS
FTW,KGX,121.0,SDS
WBP,VIC,4.5,SDS
WBP,WAT,4.5,SDS
DYC,KGX,128.0,SDS
STN,KGX,114.0,SDS
ABD,KGX,114.0,SDS
ELG,KGX,125.0,SDS
BYF,KGX,106.0,SDS
CAN,KGX,108.0,SDS
DEE,KGX,105.0,SDS
MON,KGX,107.0,SDS
ARB,KGX,109.0,SDS
MTS,KGX,109.0,SDS
AUR,KGX,97.0,SDS
BTS,KGX,98.0,SDS
CUP,KGX,104.0,SDS
DAG,KGX,97.0,SDS
INK,KGX,95.0,SDS
KGH,KGX,99.0,SDS
KDY,KGX,97.0,SDS
LDY,KGX,102.0,SDS
MNC,KGX,102.0,SDS
COW,KGX,101.0,SDS
DFE,KGX,96.0,SDS
DFL,KGX,97.0,SDS
LEU,KGX,104.0,SDS
NQU,KGX,97.0,SDS
ROS,KGX,97.0,SDS
KGE,KGX,94.0,SDS
CUH,KGX,97.0,SDS
PIR,LON,92.8,SDS
KKN,KGX,97.0,SDS
WTA,KGX,95.0,SDS
SEJ,KGX,91.0,SDS
SLA,KGX,94.0,SDS
OKI,LON,149.5,SDS
FLD,KGX,99.0,SDS
HTW,KGX,100.0,SDS
WCL,KGX,98.0,SDS
BRC,KGX,98.0,SDS
GLT,KGX,101.0,SDS
MUB,KGX,97.0,SDS
ADW,KGX,98.0,SDS
BHG,KGX,97.0,SDS
DRM,KGX,97.0,SDS
SGL,KGX,96.0,SDS
EDB,EUS,205.5,SOS
EDB,LON,204.8,SOS
GAL,KGX,102.0,SDS
LND,KGX,97.0,SDS
NBW,KGX,97.0,SDS
WAF,KGX,95.0,SDS
PST,KGX,95.0,SDS
LSN,KGX,96.0,SDS
LVG,KGX,96.0,SDS
UHA,KGX,96.0,SDS
EDP,KGX,94.0,SDS
SOI,KGX,99.0,SDS
DAM,KGX,95.0,SDS
HYM,KGX,94.0,SDS
LIN,KGX,97.0,SDS
ADS,KGX,109.0,SDS
AYR,KGX,111.0,SDS
TWB,KGX,102.0,SDS
KMK,KGX,108.0,SDS
KMK,LON,205.5,SOS
SDM,KGX,106.0,SDS
STR,LON,237.0,SOS
NCO,LON,149.5,SDS
GRK,KGX,108.0,SDS
GKC,KGX,108.0,SDS
PYG,KGX,105.0,SDS
MTH,KGX,100.0,SDS
MTH,LON,205.5,SOS
WSH,KGX,97.0,SDS
LWM,LON,149.5,SDS
CLU,KGX,107.0,SDS
CRS,KGX,100.0,SDS
LNK,KGX,109.0,SDS
BLH,KGX,104.0,SDS
CEA,KGX,103.0,SDS
HLY,KGX,101.0,SDS
SHS,KGX,100.0,SDS
CBS,KGX,101.0,SDS
DRU,KGX,100.0,SDS
ADR,KGX,100.0,SDS
BAI,KGX,101.0,SDS
COA,KGX,101.0,SDS
CBL,KGX,102.0,SDS
UDD,KGX,105.0,SDS
HYN,KGX,103.0,SDS
CBK,LON,88.1,OR2
BHC,KGX,107.0,SDS
DLR,KGX,106.0,SDS
DBC,KGX,106.0,SDS
DBE,KGX,106.0,SDS
LBT,KGX,97.0,SDS
CRF,KGX,101.0,SDS
CMO,KGX,99.0,SDS
ALO,KGX,102.5,SDS
STG,KGX,101.5,SDS
BEA,KGX,102.0,SDS
EST,KGX,102.0,SDS
BLG,KGX,103.0,SDS
CAY,KGX,106.0,SDS
,KGX,101.0,SDS
CKY,LON,147.1,SDS
SLS,KGX,102.0,SDS
GAR,KGX,105.0,SDS
HST,KGX,103.0,SDS
,KGX,99.0,SDS
CHC,KGX,106.0,SDS
EBV,LON,147.1,SDS
LTH,LON,147.1,SDS
PTK,KGX,103.0,SDS
NBE,LON,147.1,SDS
,KGX,100.0,SDS
RCA,LON,147.1,SDS
ROR,LON,147.1,SDS
LLR,LON,149.5,SDS
PMT,KGX,97.0,SDS
BBG,KGX,106.0,SDS
CRO,KGX,101.0,SDS
LNZ,KGX,102.0,SDS
,LON,23.1,OR2
,STP,23.5,OR2
BRN,KGX,104.0,SDS
CDR,KGX,106.0,SDS
CGD,KGX,107.0,SDS
ANL,KGX,104.0,SDS
DMR,KGX,104.0,SDS
,LON,131.5,SDS
,LON,152.5,SDS
,LON,152.5,SDS
,LON,56.6,SDS
,LON,152.5,SDS
,LON,127.3,SOS
,LON,121.1,SOS
,LON,62.0,SDS
,LON,32.0,SDS
,LON,30.8,SDS
,LON,30.8,SDS
,LON,131.5,SDS
,LON,50.2,SDS
,LON,50.2,SDS
,LON,162.5,SDS
,LON,152.5,SDS
,LON,152.5,SDS
,LON,151.5,SDS
,LON,151.5,SDS
,LON,152.5,SDS
,LON,152.5,SDS
,LON,51.8,SDS
,LON,204.0,SOS
,LON,38.1,SDS
,LON,62.7,OR2
,LON,50.2,SDS
,LON,33.4,SDS
,LON,34.9,SDS
,LON,211.7,SOS
,LON,211.5,SOS
,LON,211.4,SOS
,LON,208.6,SOS
,LON,85.6,OR2
,LON,87.2,OR2
,LON,56.4,SDS
,LON,82.8,OR2
,LON,211.9,SOS
,LON,231.8,FOR
,LON,231.8,FOR
,LON,77.35,OR2
,LON,70.65,OR2
,LON,210.3,SOS
,LON,54.0,SDS
,LON,54.4,SDS
,LON,121.65,FOR
,LON,132.4,SOS
,LON,128.9,SOS
,LON,50.9,SDS
,LON,25.6,SDS
,LON,55.2,SDS
,LON,126.2,SOS
,LON,128.9,SOS
,LON,29.6,SDS
,LON,160.9,FOR
,LON,160.9,FOR
,LON,127.5,SOS
,LON,120.2,SOS
,LON,52.6,OR2
,LON,49.8,SDS
,LON,152.5,SDS
,LON,152.5,SDS
,LON,151.5,SDS
,LON,152.5,SDS
,LON,152.5,SDS
,LON,152.5,SDS
,LON,50.2,SDS
,LON,152.5,SDS
,LON,56.6,SDS
,LON,152.5,SDS
,EUS,96.0,SDS
,EUS,95.0,SDS
,EUS,94.0,SDS
,EUS,97.0,SDS
,EUS,98.0,SDS
,EUS,100.0,SDS
,EUS,96.0,SDS
,EUS,99.0,SDS
,EUS,100.0,SDS
,EUS,102.0,SDS
,EUS,98.0,SDS
,EUS,102.0,SDS
,EUS,73.0,SDS
,EUS,77.0,SDS
,EUS,80.0,SDS
,EUS,84.5,SDS
,EUS,95.0,SDS
,EUS,104.5,SDS
,EUS,58.7,SOS
,EUS,77.2,SOS
,LON,200.8,SOS
,LON,182.8,SOS
,LON,204.8,SOS
,LON,101.9,SOS
,LON,73.1,OR2
,EUS,70.0,SOS
,EUS,70.0,SOS
,EUS,58.7,SOS
,LON,157.7,SOS
,LON,145.4,SOS
,LON,181.7,SOS
,LON,100.0,SOS
,LON,84.3,SOS
,KGX,88.0,SOS
,LON,99.1,SDS
,KGX,92.0,SOS
,LON,101.9,SOS
,LON,103.0,SOS
,KGX,82.0,SOS
,LON,90.2,SOS
,STP,82.8,SOS
,STP,89.3,SOS
,STP,97.7,SOS
,STP,96.5,SOS
,STP,96.3,SOS
,STP,101.1,SOS
,STP,101.1,SOS
,STP,82.8,SOS
,STP,85.7,SOS
,STP,80.6,SOS
,STP,99.0,SOS
,LON,201.9,SOS
,LON,207.5,SOS
,EUS,72.2,SOS
,EUS,65.0,SOS
,EUS,65.0,SOS
,EUS,64.3,SOS
,EUS,65.0,SOS
,EUS,65.0,SOS
,EUS,64.3,SOS
,LON,68.0,OR2
,EUS,58.7,SOS
,EUS,58.7,SOS
,EUS,58.7,SOS
,EUS,65.0,SOS
,EUS,58.7,SOS
,EUS,58.7,SOS
,LON,172.5,SOS
,LON,153.6,SOS
,LON,171.7,SOS
,LON,208.3,SOS
,LON,249.1,SOS
,LON,197.3,SOS
,LON,50.1,SDS
,LON,48.4,SDS
,LON,181.5,SOS
,LON,205.9,SOS
,EUS,70.0,SOS
,LON,172.5,SOS
,STP,126.0,SOS
,STP,118.0,SOS
,KGX,123.0,SOS
,KGX,106.0,SOS
,KGX,83.0,SOS
,KGX,80.0,SOS
,KGX,120.0,SOS
,LON,203.7,SOS
,STP,14.6,SDS
,LON,9.4,SDS
,SRA,8.2,SDS
,LON,7.0,SDS
,SRA,8.2,SDS
,LON,5.9,SDS
,LON,7.0,SDS
,SRA,8.2,SDS
,LON,9.4,SDS
,LON,7.0,SDS
,LON,5.9,SDS
,SRA,4.5,SDS
,STP,14.3,SDS
,STP,13.5,SDS
,STP,12.7,SDS
,LON,8.5,SDS
,LON,9.4,SDS
,STP,9.4,SDS
,LON,8.5,SDS
,STP,8.5,SDS
,LON,7.0,SDS
,STP,7.0,SDS
,LON,5.9,SDS
,STP,5.9,SDS
,LON,5.9,SDS
,STP,5.9,SDS
,LON,5.9,SDS
,STP,5.9,SDS
,LON,5.9,SDS
,STP,5.9,SDS
,LON,4.5,SDS
,SRA,8.2,SDS
,STP,4.5,SDS
,LON,9.4,SDS
,STP,9.4,SDS
,LON,8.5,SDS
,STP,8.5,SDS
,LON,7.0,SDS
,STP,7.0,SDS
,LON,7.0,SDS
,STP,7.0,SDS
,LON,7.0,SDS
,STP,7.0,SDS
,LON,8.5,SDS
,STP,8.5,SDS
,LON,7.0,SDS
,STP,7.0,SDS
,SRA,8.2,SDS
,SRA,7.3,SDS
,STP,4.5,SDS
,LON,5.9,SDS
,STP,5.9,SDS
,LON,9.4,SDS
,STP,9.4,SDS
,LON,8.5,SDS
,STP,8.5,SDS
,LON,5.9,SDS
,STP,5.9,SDS
,LON,8.5,SDS
,STP,8.5,SDS
,LON,7.0,SDS
,STP,8.5,SDS
,LON,7.0,SDS
,STP,7.0,SDS
,LON,5.9,SDS
,STP,5.9,SDS
,LON,4.5,SDS
,SRA,7.3,SDS
,LON,9.4,SDS
,STP,9.4,SDS
,LON,9.4,SDS
,STP,9.4,SDS
,LON,9.4,SDS
,STP,9.4,SDS
,LON,8.5,SDS
,STP,8.5,SDS
,LON,7.0,SDS
,STP,7.0,SDS
,LON,9.4,SDS
,STP,9.4,SDS
,LON,8.5,SDS
,LON,7.0,SDS
,LON,5.9,SDS
,LON,7.0,SDS
,STP,7.0,SDS
,LON,4.5,SDS
,SRA,8.2,SDS
,STP,4.5,SDS
,LON,77.8,SOS
,LON,78.1,SDS
,LON,177.4,SOS
,LON,161.0,SOS
,LON,161.0,SOS
,LON,153.6,SOS
,LON,199.0,SOS
,LON,191.9,SOS
,LON,161.6,SOS
,LON,174.0,SOS
,LON,140.8,SOS
,LON,181.7,SOS
,LON,211.1,SOS
,LON,211.1,SOS
,LON,111.7,SOS
,LON,111.1,SOS
,LON,200.8,SOS
,LON,200.8,SOS
,LON,204.8,SOS
,LON,204.8,SOS
,LON,161.0,SOS
,LON,233.4,SOS
,LON,234.5,SOS
,LON,242.6,SOS
,LON,232.1,SOS
,LON,228.1,SOS
,LON,218.8,SOS
,LON,206.8,SOS
,LON,249.1,SOS
,LON,238.0,SOS
,LON,232.1,SOS
,LON,220.0,SOS
,LON,224.5,SOS
,LON,206.8,SOS
,LON,205.5,SOS
,LON,205.5,SOS
,LON,208.3,SOS
,LON,128.1,SOS
,LON,200.0,SOS
,LON,172.5,SOS
,LON,181.7,SOS
,LON,138.7,SOS
,LON,89.9,SOS
,LON,207.5,SOS
,LON,176.9,SOS
,LON,182.8,SOS
,LON,217.5,SOS
,LON,228.5,SOS
,LON,204.0,SOS
,LON,210.5,SOS
,LON,197.0,SOS
,LON,198.5,SOS
,LON,197.0,SOS
,LON,205.0,SOS
,LON,200.0,SOS
,LON,198.5,SOS
,LON,198.0,SOS
,LON,198.5,SOS
,LON,198.5,SOS
,LON,184.5,SOS
,LON,198.5,SOS
,LON,207.5,SOS
,LON,193.0,SOS
,LON,205.0,SOS
,LON,182.0,SOS
,LON,198.0,SOS
,LON,183.0,SOS
,LON,179.0,SOS
,LON,193.0,SOS
,LON,184.5,SOS
,LON,179.0,SOS
,LON,179.0,SOS
,LON,207.5,SOS
,LON,214.5,SOS
,LON,189.0,SOS
,LON,128.1,SOS
,LON,207.5,SOS
,LON,148.5,SOS
,LON,162.5,SOS
,LON,207.5,SOS
,LON,169.0,SOS
,LON,162.5,SOS
,LON,185.5,SOS
,LON,183.0,SOS
,LON,180.0,SOS
,LON,183.0,SOS
,LON,190.5,SOS
,LON,137.3,SOS
,LON,124.1,SOS
,LON,98.5,SOS
,LON,103.0,SOS
,LON,101.0,SOS
,LON,89.0,SOS
,LON,114.5,SOS
,LON,139.0,SOS
,LON,137.3,SOS
,LON,93.2,SOS
,LON,110.1,SOS
,LON,244.5,SOS
,LON,235.0,SOS
,LON,232.0,SOS
,LON,222.0,SOS
,LON,222.0,SOS
,LON,205.5,SOS
,LON,213.5,SOS
,LON,205.5,SOS
,LON,205.0,SOS
,LON,183.5,SOS
,LON,98.5,SOS
,LON,98.5,SOS
,LON,98.5,SOS
,LON,98.5,SOS
,LON,98.5,SOS
,LON,182.0,SOS
,LON,182.0,SOS
,LON,184.5,SOS
,LON,205.5,SOS
,LON,89.0,SOS
,LON,160.0,SOS
,LON,160.0,SOS
,LON,103.0,SOS
,LON,123.0,SOS
,LON,108.0,SOS
,LON,111.0,SOS
,LON,133.0,SOS
,LON,157.0,SOS
,LON,141.5,SOS
,LON,153.5,SOS
,LON,155.5,SOS
,LON,160.5,SOS
,LON,164.5,SOS
,LON,160.0,SOS
,LON,160.6,SOS
